                  epoch,         train/box_loss,         train/cls_loss,         train/dfl_loss,   metrics/precision(B),      metrics/recall(B),       metrics/mAP50(B),    metrics/mAP50-95(B),           val/box_loss,           val/cls_loss,           val/dfl_loss,                 lr/pg0,                 lr/pg1,                 lr/pg2
                      1,                 2.8345,                  4.969,                 1.0444,                 0.0136,                0.43323,                0.30263,                0.09202,                 2.6041,                 4.2498,                0.87188,             0.00032843,             0.00032843,             0.00032843
                      2,                 2.4471,                 2.4264,                0.93712,                0.66026,                0.46224,                 0.5905,                0.20498,                 2.4042,                 2.2923,                 0.8504,             0.00053074,             0.00053074,             0.00053074
                      3,                 2.3045,                 2.0015,                0.91199,                0.67675,                0.69045,                0.70411,                0.25392,                 2.2513,                  1.936,                0.82381,             0.00060104,             0.00060104,             0.00060104
                      4,                 2.2019,                 1.7814,                0.89812,                0.69984,                0.76267,                0.72933,                0.28011,                  2.153,                 1.7188,                0.81452,               0.000406,               0.000406,               0.000406
                      5,                 2.1865,                 1.6583,                0.89593,                0.79258,                0.76063,                0.77741,                0.28974,                 2.1665,                 1.5531,                0.81366,               0.000406,               0.000406,               0.000406
